patient_id,generated_response
P016,"Decision: Route for Review
-Reason: The claimed procedure (97110 - Therapeutic exercises) and diagnosis (S83.511A - Sprain of anterior cruciate ligament) are both outside the policy's covered services. The diagnosis code S83.511A does not match any of the covered diagnoses (M17.0, K21.9, M54.5, K57.30, R07.9), and procedure code 97110 is not listed among covered procedures (99214, 71046, 29881, 45378). This case requires human review to determine if there are any exceptions, alternative coding, or policy modifications that may apply."
P017,"Decision: Route for Review
-Reason: Based on the claim and policy analysis, here is the step-by-step evaluation: 1. Procedure Coverage (97110): ✓ PASS - Procedure 97110 is listed as a covered procedure under the Bronze Essential policy. 2. Age Requirement: ✓ PASS - Patient is 33 years old, which falls within the allowed age range of 0-120 for procedure 97110. 3. Gender Requirement: ✓ PASS - Procedure 97110 has no gender restrictions (gender=any), and the patient is male. 4. Preauthorization Status: ✓ PASS - Procedure 97110 requires preauthorization, and preauthorization has been obtained. 5. Diagnosis Coverage: ✗ FAIL - Critical Issue: The patient's diagnosis code is K21.9 (Unspecified gastro-esophageal reflux disease). - The policy's covered diagnoses are: I10, E11.9, M54.5, J45.909 - K21.9 is NOT listed as a covered diagnosis under this policy. Conclusion: Although the procedure itself is covered and all procedural requirements are met, the claimed diagnosis (K21.9) is not included in the policy's covered diagnoses list. This coverage gap requires human review to determine if there are alternative covered diagnoses, if an exception applies, or if the claim should be denied."
P018,"Decision: Route for Review
-Reason: Based on the claim and policy analysis, the following issues require human review: 1. Diagnosis Coverage Issue: The patient's diagnosis code is Z00.00 (encounter for general adult medical examination without abnormality). However, the policy's covered diagnoses are: I10, E11.9, M54.5, and J45.909. The claimed diagnosis Z00.00 is NOT in the covered diagnoses list. 2. Procedure Coverage Issue: The claimed procedure code is 45378 (colonoscopy with biopsy). This procedure is NOT listed in the policy's covered procedures (which only include 99213, 93000, and 97110). 3. Preauthorization Status: Although preauthorization was required for this claim, it was not obtained prior to service. This is a secondary concern given the primary coverage gaps. Summary: This claim has multiple coverage gaps—both the diagnosis and the procedure are not covered under the Bronze Essential policy (POL001). The case should be routed to a human reviewer to determine if: - An exception can be made - The diagnosis/procedure codes should be reconsidered - The patient should be informed of the coverage limitations"
P019,"Decision: Approved
-Reason: ## Claim Evaluation Summary for Patient P019

Decision: APPROVE

Reasoning:

Let me evaluate each requirement for the claimed procedure:

1. Diagnosis Coverage: ✓ PASS
   - Claimed diagnosis: I10 (Essential hypertension)
   - Policy covers: I10, E11.9, M54.5, J45.909
   - I10 is explicitly listed as a covered diagnosis

2. Procedure Coverage: ✓ PASS
   - Claimed procedure: 93000 (Electrocardiogram)
   - Policy covers procedure 93000 with no preauthorization required
   - Procedure is explicitly listed in covered procedures

3. Age Requirement: ✓ PASS
   - Patient age: 76 years old
   - Policy allows: age 0-120
   - Patient falls within the allowed age range

4. Gender Requirement: ✓ PASS
   - Patient gender: Male
   - Policy allows: Any gender
   - No gender restrictions apply

5. Preauthorization Requirement: ✓ PASS
   - Policy requirement: No preauthorization required for procedure 93000
   - Preauthorization obtained: False (not needed)
   - Requirement is satisfied

All coverage criteria are met. This claim is approved for payment."
P020,"Decision: Approved
-Reason: ## Claim Evaluation Summary for Patient P020

Decision: APPROVE

Reasoning:

Let me verify each coverage requirement for the claimed procedure:

1. Diagnosis Coverage: The patient has diagnosis code Z00.00 (Encounter for general adult medical examination without abnormality). This diagnosis is listed in the policy's covered diagnoses. ✓

2. Procedure Coverage: The claimed procedure is 27447. This procedure is explicitly listed in the policy's covered procedures. ✓

3. Age Requirement: The patient is 66 years old. Procedure 27447 requires age 40-100. The patient falls within this range. ✓

4. Gender Requirement: The patient is male. Procedure 27447 has no gender restriction (gender=any). ✓

5. Preauthorization: The policy requires preauthorization for procedure 27447. The claim record shows that preauthorization was obtained (Preauthorization obtained: True). ✓

All coverage requirements are satisfied. The claim meets all policy criteria and should be approved for payment."
P021,"Decision: Route for Review
-Reason: The claim for patient P021 cannot be automatically approved due to the following issue: 1. Diagnosis Coverage: ✓ PASS - Claimed diagnosis: M54.5 (Low back pain) - This diagnosis is listed in the policy's covered diagnoses 2. Procedure Coverage: ✗ FAIL - Claimed procedure: 45378 (Colonoscopy) - Policy covered procedures: 99213, 93000, 97110 - Procedure 45378 is NOT listed as a covered procedure under the Bronze Essential (POL001) policy 3. Patient Age: ✓ PASS - Patient age: 25 years old - All covered procedures allow ages 0-120 4. Gender: ✓ PASS - Patient gender: Female - All covered procedures allow any gender 5. Preauthorization: ✓ PASS - Procedure 45378 does not require preauthorization per the claim record Conclusion: The primary issue is that procedure code 45378 (colonoscopy) is not included in the list of covered procedures under the patient's Bronze Essential policy. This claim must be routed to human review to determine if there are any exceptions, alternative coverage pathways, or if the procedure code needs verification."
P022,"Decision: Route for Review
-Reason: The claimed procedure (93000 - Electrocardiogram) is not listed as a covered procedure under the patient's Silver Plus policy (POL002). Additionally, the patient's diagnosis code (E11.9 - Type 2 Diabetes) is not among the covered diagnoses. Both the procedure and diagnosis fall outside policy coverage guidelines and require human review to determine if there are any exceptions, alternative coverage pathways, or if the claim should be denied."
P023,"Decision: Approved
-Reason: ## Claim Evaluation Summary for Patient P023

Decision: APPROVE

Reasoning:

1. Diagnosis Coverage: ✓ PASS
   - Claimed diagnosis: J45.909 (Unspecified asthma)
   - Policy covers J45.909 as a covered diagnosis

2. Procedure Coverage: ✓ PASS
   - Claimed procedure: 99213 (Office visit/consultation)
   - Policy covers procedure 99213

3. Age Requirement: ✓ PASS
   - Patient age: 17 years old
   - Policy allows age range 0-120 for procedure 99213
   - Patient falls within allowed range

4. Gender Requirement: ✓ PASS
   - Patient gender: Female
   - Policy specifies ""any"" gender for procedure 99213
   - No gender restriction applies

5. Preauthorization Requirement: ✓ PASS
   - Procedure 99213 does not require preauthorization per policy
   - No preauthorization needed

All coverage criteria are satisfied. This claim meets all policy requirements and should be approved."
P024,"Decision: Approved
-Reason: ## Claim Evaluation Summary for Patient P024

Decision: APPROVE

Reasoning:

1. Diagnosis Coverage: ✓ PASS
   - Claimed diagnosis: J45.909 (Unspecified asthma with (acute) exacerbation)
   - This diagnosis is listed in the policy's covered diagnoses

2. Procedure Coverage: ✓ PASS
   - Claimed procedure: 93000 (Electrocardiogram)
   - This procedure is explicitly listed as covered under Bronze Essential (POL001)

3. Age Requirement: ✓ PASS
   - Patient age: 83 years old
   - Procedure 93000 allows age range 0-120
   - Patient falls within the allowed range

4. Gender Requirement: ✓ PASS
   - Patient gender: Male
   - Procedure 93000 has no gender restrictions (gender=any)

5. Preauthorization Requirement: ✓ PASS
   - Procedure 93000 does not require preauthorization
   - No preauthorization needed for this claim

All coverage criteria are satisfied. The claim meets all policy requirements and should be approved."
P025,"Decision: Route for Review
-Reason: Based on the claim and policy analysis, here is the step-by-step evaluation: 1. Procedure Coverage (97110): ✓ PASS - Procedure 97110 is listed as a covered procedure under the Bronze Essential policy - Age range (0-120) includes the patient's age of 62 - Gender restriction: any (patient is female) ✓ 2. Preauthorization Status: ✓ PASS - Procedure 97110 requires preauthorization - Preauthorization has been obtained ✓ 3. Diagnosis Coverage: ✗ FAIL - Patient's diagnosis code: K57.30 (Diverticulitis) - Policy's covered diagnoses: I10, E11.9, M54.5, J45.909 - K57.30 is NOT listed as a covered diagnosis under this policy Conclusion: While the procedure (97110) is covered, the patient's primary diagnosis (K57.30) is not included in the policy's list of covered diagnoses. This mismatch requires human review to determine whether: - The diagnosis coding is correct - There is a secondary diagnosis that is covered - An exception or appeal is warranted - The claim should be denied Routing to human review for final determination."
